Model Name,Epoch,Batch Size,Learning Rate,Train Loss,Test Loss,Train Accuracy,Test Accuracy,Task Name,Initial Number of Tasks
RN50_clip_FC_FF_NN,0,64,0.005,1.2033991008763951,0.9023766508575969,49.388,66.57,0,1
RN50_clip_FC_FF_NN,1,64,0.005,0.8788557693091205,0.849223950015644,68.528,70.08,0,1
RN50_clip_FC_FF_NN,2,64,0.005,0.8659669602735777,0.8426109439672619,69.748,69.76,0,1
RN50_clip_FC_FF_NN,3,64,0.005,0.8639255766802542,0.8243209721021257,70.136,69.98,0,1
RN50_clip_FC_FF_NN,4,64,0.005,0.8650858725555426,0.8323174076807951,69.612,71.24000000000001,0,1
